<?xml version="1.0" encoding="UTF-8" standalone="no"?>
<!DOCTYPE macros SYSTEM "http://www.4d.com/dtd/2007/macros.dtd">
<macros>
      <macro
        in_menu="false"
        in_toolbar="false"
        name="openForm.onLoad"
        type_ahead="false"
        type_ahead_text=""
        method_event="on_load"
        version="2">
          <text><method>Macro_OPEN_FORM(&quot;<method_path />&quot;)</method></text>
      </macro>
      <macro
        in_menu="false"
        in_toolbar="false"
        name="openForm.onClose"
        type_ahead="false"
        type_ahead_text=""
        method_event="on_close"
        version="2">
          <text><method>Macro_CLEANUP(&quot;<method_path />&quot;)</method></text>
      </macro>
</macros>